"","ID","Description","GeneRatio","BgRatio","RichFactor","FoldEnrichment","zScore","pvalue","p.adjust","qvalue","geneID","Count"
"GO:0016064","GO:0016064","immunoglobulin mediated immune response","63/2347","172/18842",0.366279069767442,2.94053269388928,9.64373767149099,3.32006553068509e-16,1.08353751949116e-12,1.08353751949116e-12,"IGHV2-70/IGHD/IGHV7-81/IGHV3-48/BTK/IGHV3-11/C8A/IGHV3-38/IGHV1-45/IGHV3-53/IGHV3-15/C4BPB/IGHV2-26/HLA-E/IGHV1-58/IGHV7-4-1/IGHV4-61/IGHV3-43/IGLC6/IGHV8-51-1/CSF2RB/IGHV4-28/IGHV3-49/IGHV3-64/IGHV3-23/FCGR3B/IGHV3-74/IGHV4-39/IGHV1-24/IGLL5/IGHV3-66/HSPD1/IGHV6-1/IGHV2-70D/IGHV3-72/IGLC2/IGHV3-20/C8B/C1QB/IGLL1/IGLC7/IGHV3-7/FCER1G/IGKC/IGLC3/IGHV3-64D/IGHV1-69-2/IGHV3-13/TNFSF13/IGHV3-35/C1QC/IGHV2-5/IGHV3-30/ZP3/IGHV4-59/IGHV5-51/IGHV4-4/C1QA/IGHV3-16/IGHV3-73/IGHV1-3/NFKBIZ/TLR8",63
"GO:0019724","GO:0019724","B cell mediated immunity","64/2347","177/18842",0.361581920903955,2.90282341443218,9.59408324766661,4.0250279327309e-16,1.08353751949116e-12,1.08353751949116e-12,"IGHV2-70/IGHD/IGHV7-81/IGHV3-48/BTK/IGHV3-11/C8A/IGHV3-38/IGHV1-45/IGHV3-53/IGHV3-15/C4BPB/IGHV2-26/HLA-E/IGHV1-58/IGHV7-4-1/IGHV4-61/IGHV3-43/IGLC6/IGHV8-51-1/CSF2RB/IGHV4-28/IGHV3-49/IGHV3-64/IGHV3-23/FCGR3B/IGHV3-74/IGHV4-39/IGHV1-24/IGLL5/IGHV3-66/HSPD1/IGHV6-1/IGHV2-70D/IGHV3-72/IGLC2/IGHV3-20/C8B/C1QB/IGLL1/IGLC7/IGHV3-7/CD70/FCER1G/IGKC/IGLC3/IGHV3-64D/IGHV1-69-2/IGHV3-13/TNFSF13/IGHV3-35/C1QC/IGHV2-5/IGHV3-30/ZP3/IGHV4-59/IGHV5-51/IGHV4-4/C1QA/IGHV3-16/IGHV3-73/IGHV1-3/NFKBIZ/TLR8",64
"GO:0002443","GO:0002443","leukocyte mediated immunity","111/2347","429/18842",0.258741258741259,2.0772061343003,8.5132923412044,1.74960613426483e-14,3.13995980896062e-11,3.13995980896062e-11,"IGHV2-70/FCAR/IGHD/IGHV7-81/IGHV3-48/BTK/IL18R1/KIR3DL1/GATA1/IGHV3-11/SLAMF7/C8A/IGHV3-38/IGHV1-45/NCR1/IGHV3-53/IGHV3-15/C4BPB/IGHV2-26/HLA-E/IGHV1-58/IGHV7-4-1/IGHV4-61/CLEC12B/IGHV3-43/IGLC6/IGHV8-51-1/CSF2RB/HLA-DRA/IGHV4-28/IGHV3-49/RASGRP4/IGHV3-64/IGHV3-23/FCGR3B/CLNK/IGHV3-74/PLA2G1B/KLRD1/SMAD7/IGHV4-39/IGHV1-24/IL1B/EMP2/IGLL5/SCIMP/IGHV3-66/HSPD1/SERPINB4/SCART1/IGHV6-1/IGHV2-70D/DAO/IGHV3-72/VAMP2/FGR/IGLC2/IGHV3-20/C8B/NCKAP1L/C1QB/IGLL1/ARID5A/IGLC7/IGHV3-7/AIRE/JAK3/KLRC2/CD70/FCER1G/RAB44/KLRF2/TYROBP/AGER/DNASE1/GNAQ/IGKC/IGLC3/IGHV3-64D/IGHV1-69-2/F2RL1/IGHV3-13/TNFSF13/IGHV3-35/LAT2/C1QC/IGHV2-5/IGHV3-30/NKG7/CEACAM1/ZP3/ICAM1/CRTAM/PRF1/IGHV4-59/IGHV5-51/IGHV4-4/SH2D1B/GSDMB/GATA2/C1QA/IGHV3-16/SPI1/IGHV3-73/IGHV1-3/CADM1/AZGP1/PTGDS/NFKBIZ/ACE/TLR8",111
"GO:0002449","GO:0002449","lymphocyte mediated immunity","93/2347","339/18842",0.274336283185841,2.20240487762574,8.42678403237286,5.82992966920741e-14,7.84708533475318e-11,7.84708533475318e-11,"IGHV2-70/IGHD/IGHV7-81/IGHV3-48/BTK/IL18R1/KIR3DL1/IGHV3-11/SLAMF7/C8A/IGHV3-38/IGHV1-45/NCR1/IGHV3-53/IGHV3-15/C4BPB/IGHV2-26/HLA-E/IGHV1-58/IGHV7-4-1/IGHV4-61/CLEC12B/IGHV3-43/IGLC6/IGHV8-51-1/CSF2RB/HLA-DRA/IGHV4-28/IGHV3-49/RASGRP4/IGHV3-64/IGHV3-23/FCGR3B/CLNK/IGHV3-74/KLRD1/SMAD7/IGHV4-39/IGHV1-24/IL1B/EMP2/IGLL5/IGHV3-66/HSPD1/SERPINB4/SCART1/IGHV6-1/IGHV2-70D/IGHV3-72/IGLC2/IGHV3-20/C8B/NCKAP1L/C1QB/IGLL1/ARID5A/IGLC7/IGHV3-7/AIRE/KLRC2/CD70/FCER1G/KLRF2/TYROBP/AGER/IGKC/IGLC3/IGHV3-64D/IGHV1-69-2/IGHV3-13/TNFSF13/IGHV3-35/C1QC/IGHV2-5/IGHV3-30/NKG7/CEACAM1/ZP3/CRTAM/PRF1/IGHV4-59/IGHV5-51/IGHV4-4/SH2D1B/GSDMB/C1QA/IGHV3-16/IGHV3-73/IGHV1-3/CADM1/AZGP1/NFKBIZ/TLR8",93
"GO:0002460","GO:0002460","adaptive immune response based on somatic recombination of immune receptors built from immunoglobulin superfamily domains","90/2347","377/18842",0.238726790450928,1.916527561004,6.78069028472912,5.33646059424057e-10,5.74630076787825e-07,5.74630076787825e-07,"IGHV2-70/IGHD/IGHV7-81/IGHV3-48/BTK/IL18R1/IGHV3-11/C8A/IGHV3-38/IGHV1-45/IGHV3-53/IGHV3-15/C4BPB/IGHV2-26/HLA-E/IGHV1-58/IGHV7-4-1/NOTCH1/IGHV4-61/TNFAIP3/IGHV3-43/IGLC6/IGHV8-51-1/JUNB/CSF2RB/HLA-DRA/IGHV4-28/IGHV3-49/IGHV3-64/IGHV3-23/FCGR3B/IGHV3-74/KLRD1/SMAD7/IGHV4-39/IGHV1-24/IL1B/EMP2/IGLL5/CD69/PSMA6/IGHV3-66/HSPD1/SCART1/IGHV6-1/IGHV2-70D/IGHV3-72/IGLC2/IGHV3-20/C8B/NCKAP1L/C1QB/IGLL1/ARID5A/IGLC7/IGHV3-7/AIRE/JAK3/CD70/FCER1G/AGER/IL17A/IGKC/IGLC3/IGHV3-64D/IGHV1-69-2/IGHV3-13/PRKCQ/TNFSF13/IGHV3-35/SPN/C1QC/IGHV2-5/IGHV3-30/CEACAM1/ZP3/PRF1/IGHV4-59/PSMA2/IGHV5-51/IGHV4-4/IL1RL1/C1QA/IGHV3-16/IGHV3-73/CRACR2A/IGHV1-3/AZGP1/NFKBIZ/TLR8",90
"GO:0003341","GO:0003341","cilium movement","69/2347","264/18842",0.261363636363636,2.09825889917496,6.77859325034074,1.0111901078161e-09,9.07374590080316e-07,9.07374590080316e-07,"DRC1/FSIP2/TEX101/CATSPERH/CFAP58/DRC5/ODAD2/TAC4/AKAP4/CFAP91/SPMIP6/DRC2/CIMAP1A/DNAH10/CFAP53/DEFB1/GARIN2/ADAM7/RSPH14/KLC3/SPAG8/CATSPER4/TEKT2/SEMG1/DNAI3/CCDC181/PSMA6/CFAP73/CFAP210/RSPH4A/CFAP206/CATSPERB/TMEM232/DNAI2/NEK10/DRC3/HOATZ/DRC11/CFAP43/HYDIN/DNAH12/CIMIP2A/RSPH9/GAPDHS/DNAI4/DNAAF1/TEKT3/SPMIP11/DDX4/PFN4/SEPTIN4/CATSPERT/RSPH6A/ROPN1/TTLL8/SPMIP9/TUBA1A/TEKT4/TAC3/PSMA2/ADCY10/CFAP161/CFAP52/ODAD4/ARMC12/CFAP46/SAXO4/TTC29/CATSPERD",69
"GO:0060294","GO:0060294","cilium movement involved in cell motility","60/2347","235/18842",0.25531914893617,2.0497330226908,6.10811171444741,3.09750026823584e-08,2.38242020631168e-05,2.38242020631168e-05,"DRC1/FSIP2/TEX101/CATSPERH/CFAP58/DRC5/ODAD2/TAC4/AKAP4/SPMIP6/DRC2/CIMAP1A/DNAH10/CFAP53/DEFB1/GARIN2/ADAM7/RSPH14/KLC3/SPAG8/CATSPER4/TEKT2/SEMG1/DNAI3/CCDC181/PSMA6/CFAP210/RSPH4A/CFAP206/CATSPERB/TMEM232/DRC3/HOATZ/DRC11/CFAP43/DNAH12/CIMIP2A/RSPH9/GAPDHS/TEKT3/SPMIP11/DDX4/PFN4/SEPTIN4/CATSPERT/RSPH6A/ROPN1/TTLL8/SPMIP9/TUBA1A/TEKT4/TAC3/PSMA2/CFAP161/CFAP52/ODAD4/ARMC12/CFAP46/SAXO4/CATSPERD",60
"GO:0001539","GO:0001539","cilium or flagellum-dependent cell motility","60/2347","237/18842",0.253164556962025,2.03243569760481,6.03329704216734,4.31036904011076e-08,2.57855854577293e-05,2.57855854577293e-05,"DRC1/FSIP2/TEX101/CATSPERH/CFAP58/DRC5/ODAD2/TAC4/AKAP4/SPMIP6/DRC2/CIMAP1A/DNAH10/CFAP53/DEFB1/GARIN2/ADAM7/RSPH14/KLC3/SPAG8/CATSPER4/TEKT2/SEMG1/DNAI3/CCDC181/PSMA6/CFAP210/RSPH4A/CFAP206/CATSPERB/TMEM232/DRC3/HOATZ/DRC11/CFAP43/DNAH12/CIMIP2A/RSPH9/GAPDHS/TEKT3/SPMIP11/DDX4/PFN4/SEPTIN4/CATSPERT/RSPH6A/ROPN1/TTLL8/SPMIP9/TUBA1A/TEKT4/TAC3/PSMA2/CFAP161/CFAP52/ODAD4/ARMC12/CFAP46/SAXO4/CATSPERD",60
"GO:0060285","GO:0060285","cilium-dependent cell motility","60/2347","237/18842",0.253164556962025,2.03243569760481,6.03329704216734,4.31036904011076e-08,2.57855854577293e-05,2.57855854577293e-05,"DRC1/FSIP2/TEX101/CATSPERH/CFAP58/DRC5/ODAD2/TAC4/AKAP4/SPMIP6/DRC2/CIMAP1A/DNAH10/CFAP53/DEFB1/GARIN2/ADAM7/RSPH14/KLC3/SPAG8/CATSPER4/TEKT2/SEMG1/DNAI3/CCDC181/PSMA6/CFAP210/RSPH4A/CFAP206/CATSPERB/TMEM232/DRC3/HOATZ/DRC11/CFAP43/DNAH12/CIMIP2A/RSPH9/GAPDHS/TEKT3/SPMIP11/DDX4/PFN4/SEPTIN4/CATSPERT/RSPH6A/ROPN1/TTLL8/SPMIP9/TUBA1A/TEKT4/TAC3/PSMA2/CFAP161/CFAP52/ODAD4/ARMC12/CFAP46/SAXO4/CATSPERD",60
"GO:0030317","GO:0030317","flagellated sperm motility","56/2347","217/18842",0.258064516129032,2.07177316271974,5.98986402895887,5.95416428811135e-08,2.91429277519923e-05,2.91429277519923e-05,"DRC1/FSIP2/TEX101/CATSPERH/CFAP58/DRC5/ODAD2/TAC4/AKAP4/SPMIP6/DRC2/CIMAP1A/CFAP53/DEFB1/GARIN2/ADAM7/RSPH14/KLC3/SPAG8/CATSPER4/TEKT2/SEMG1/CCDC181/PSMA6/CFAP210/CFAP206/CATSPERB/TMEM232/DRC3/HOATZ/DRC11/CFAP43/DNAH12/CIMIP2A/RSPH9/GAPDHS/TEKT3/SPMIP11/DDX4/PFN4/SEPTIN4/CATSPERT/RSPH6A/ROPN1/TTLL8/SPMIP9/TUBA1A/TEKT4/TAC3/PSMA2/CFAP161/CFAP52/ODAD4/ARMC12/SAXO4/CATSPERD",56
"GO:0097722","GO:0097722","sperm motility","56/2347","217/18842",0.258064516129032,2.07177316271974,5.98986402895887,5.95416428811135e-08,2.91429277519923e-05,2.91429277519923e-05,"DRC1/FSIP2/TEX101/CATSPERH/CFAP58/DRC5/ODAD2/TAC4/AKAP4/SPMIP6/DRC2/CIMAP1A/CFAP53/DEFB1/GARIN2/ADAM7/RSPH14/KLC3/SPAG8/CATSPER4/TEKT2/SEMG1/CCDC181/PSMA6/CFAP210/CFAP206/CATSPERB/TMEM232/DRC3/HOATZ/DRC11/CFAP43/DNAH12/CIMIP2A/RSPH9/GAPDHS/TEKT3/SPMIP11/DDX4/PFN4/SEPTIN4/CATSPERT/RSPH6A/ROPN1/TTLL8/SPMIP9/TUBA1A/TEKT4/TAC3/PSMA2/CFAP161/CFAP52/ODAD4/ARMC12/SAXO4/CATSPERD",56
"GO:0048598","GO:0048598","embryonic morphogenesis","75/2347","354/18842",0.211864406779661,1.70087309439385,5.02144156029289,2.2535610834766e-06,0.00101109773945317,0.00101109773945317,"ITGA2/COBL/FLRT3/HOXD11/HOXC9/SP9/NDRG4/CFC1B/MMP8/UGDH/NOTCH1/MUSTN1/TBX4/USH1C/POU5F1/TBXT/FGFR2/WNT16/WNT3A/TTC39C/APELA/FOXF1/ITGB4/ENG/POU3F4/FOXN4/SIX1/PRICKLE1/WNT7A/TBX3/SALL1/MYADM/AFF3/OTX2/OSR2/NECTIN1/IHH/ITGA8/FOXF2/CLRN2/RNF207/APLNR/VTN/SOX9/TENM4/EYA2/MESP1/GJA1/DUSP4/DNAAF1/STRC/HOXA13/TBX2/ITGB3/SOX18/TGFB2/APLN/MYO3A/ITGAV/COL7A1/HTR2B/HOXA1/MIXL1/BMPR2/HOXB3/HOXD3/WNT8B/CFC1/WNT5B/NEUROD1/GSC/FOXL2/MSX2/HOXD13/TBX5",75
"GO:0007389","GO:0007389","pattern specification process","61/2347","277/18842",0.220216606498195,1.76792556439667,4.85672924566715,5.42820525595711e-06,0.00224811208446716,0.00224811208446716,"CIROP/HOXC5/COBL/HOXD11/HEY1/HELT/HOXC9/ODAD2/NDRG4/WNT1/CFC1B/ERBB4/NOTCH1/POU5F1/TBXT/FGFR2/CDX1/CITED2/CFAP53/ENG/LEFTY2/ISL1/SMAD6/DSP/FOXN4/HOXB7/SIX1/PRICKLE1/WNT7A/TBX3/WNT2B/LMX1B/OTX2/OSR2/DNAI2/IHH/HOXC6/RNF207/APLNR/FOXB1/MESP1/LFNG/PITX2/DNAAF1/TBX2/NKD1/SOX18/ARL13B/TDRD5/IRX4/HES7/BMPR2/HOXB3/HOXD3/WNT8B/CFC1/CFAP52/C1QA/ODAD4/MDFI/TBX5",61
"GO:0008037","GO:0008037","cell recognition","34/2347","128/18842",0.265625,2.13246964209629,4.84931728807095,1.15128100251283e-05,0.00442749779823505,0.00442749779823505,"COLEC12/TEX101/C4BPB/ADAM32/PCDHA7/AMIGO1/SPESP1/ZP1/DCST2/FCN1/ADAM2/EFNA5/TNFRSF21/ADGRB1/FETUB/PAEP/LBP/PCDH12/EPHB3/DCST1/LY6K/ZP3/OPCML/IGLON5/CRTAM/PRF1/NTM/CNTN4/GAP43/EMB/CADM1/ZPBP2/FCN3/CNTN2",34
"GO:0003206","GO:0003206","cardiac chamber morphogenesis","27/2347","92/18842",0.293478260869565,2.35607899075601,4.91825027530234,1.27629136591916e-05,0.00458103514273916,0.00458103514273916,"HEY1/TNNC1/NOTCH1/FGFR2/CITED2/FOXF1/ENG/SOX4/ISL1/SMAD7/SMAD6/DSP/SFRP2/MYH7/ADPRHL1/TNNT2/APLNR/NPY5R/MESP1/SHOX2/TBX2/FHL2/TGFB2/GATA6/BMPR2/PKP2/TBX5",27
"GO:0003007","GO:0003007","heart morphogenesis","45/2347","191/18842",0.235602094240838,1.89144212172385,4.6707985143616,1.5207421222083e-05,0.00511729724123092,0.00511729724123092,"DCHS2/HEY1/TNNC1/NDRG4/NOTCH1/POU5F1/TBXT/FGFR2/CITED2/FOXF1/ENG/SOX4/ISL1/SMAD7/SMAD6/DSP/SFRP2/FOXN4/EMP2/GJA5/PRICKLE1/MYH7/TBX3/ADPRHL1/TNNT2/IHH/RNF207/APLNR/NPY5R/SOX9/MESP1/PITX2/DNAAF1/SHOX2/TBX2/SOX18/FHL2/TGFB2/GATA6/HTR2B/BMPR2/ALPK2/DCHS1/PKP2/TBX5",45
"GO:0003002","GO:0003002","regionalization","54/2347","247/18842",0.218623481781377,1.75513576639314,4.5061722180845,2.2691537694346e-05,0.00718654346743288,0.00718654346743288,"CIROP/HOXC5/COBL/HOXD11/HEY1/HELT/HOXC9/ODAD2/NDRG4/CFC1B/NOTCH1/POU5F1/TBXT/CDX1/CITED2/CFAP53/ENG/LEFTY2/ISL1/SMAD6/DSP/FOXN4/HOXB7/SIX1/PRICKLE1/TBX3/WNT2B/LMX1B/OTX2/DNAI2/IHH/HOXC6/RNF207/APLNR/FOXB1/MESP1/LFNG/PITX2/DNAAF1/TBX2/NKD1/SOX18/ARL13B/TDRD5/HES7/BMPR2/HOXB3/HOXD3/WNT8B/CFC1/CFAP52/C1QA/ODAD4/MDFI",54
"GO:0003161","GO:0003161","cardiac conduction system development","14/2347","34/18842",0.411764705882353,3.3056968846337,5.07577921352279,2.52986528125959e-05,0.00728265555968331,0.00728265555968332,"HEY1/NOTCH1/GJB6/NPPB/ISL1/GJA5/TBX3/MESP1/GJA1/SHOX2/GATA6/DSG2/MSX2/TBX5",14
"GO:0003205","GO:0003205","cardiac chamber development","30/2347","111/18842",0.27027027027027,2.16976243392946,4.66241618084879,2.57003075100266e-05,0.00728265555968331,0.00728265555968332,"HEY1/TNNC1/NOTCH1/FGFR2/CITED2/FOXF1/ENG/SOX4/ISL1/SMAD7/SMAD6/DSP/SFRP2/GJA5/MYH7/SALL1/ADPRHL1/TNNT2/APLNR/NPY5R/KCNK2/MESP1/SHOX2/TBX2/FHL2/TGFB2/GATA6/BMPR2/PKP2/TBX5",30
"GO:0098801","GO:0098801","regulation of renal system process","10/2347","19/18842",0.526315789473684,4.22532684502052,5.30564844852592,2.79481471799016e-05,0.0075236412208295,0.0075236412208295,"PTPRO/PDGFB/NPPB/EMP2/GJA5/OR51E2/F2RL1/AGTR1/GAS6/INPP5K",10
"GO:0022600","GO:0022600","digestive system process","26/2347","91/18842",0.285714285714286,2.29374885872542,4.66649514777408,3.07794027909268e-05,0.00789125260125476,0.00789125260125475,"STK39/MUC6/NPSR1/NPPC/CYP8B1/HAMP/SLC2A5/CHRM1/PBLD/SLC26A6/TFF2/NPC1L1/FGF10/SOX9/CHRM5/IL17A/NR1I2/LPCAT3/LDLR/MUC4/AQP5/CRH/OPRK1/NEUROD1/OXT/WNK3",26
"GO:0090596","GO:0090596","sensory organ morphogenesis","37/2347","153/18842",0.241830065359477,1.94144102748328,4.41040187127395,4.63690888312281e-05,0.0113477806485151,0.0113477806485151,"TSKU/USH1C/FGFR2/WNT16/TTC39C/SOX4/POU3F4/CALB1/FOXN4/SIX1/EFNA5/TBX3/WNT2B/PROM1/OSR2/TSPAN12/NECTIN1/THY1/SAMD7/FOXF2/CLRN2/SOX9/PITX2/WNT9A/STRC/MFSD2A/TBX2/SDK1/NKD1/RS1/TULP1/MYO3A/HOXA1/GSC/MYO7A/AGTPBP1/FOXL2",37
"GO:0009611","GO:0009611","response to wounding","92/2347","496/18842",0.185483870967742,1.48908696070481,4.16378779440304,5.17467241104753e-05,0.0121132331569912,0.0121132331569912,"TSKU/HNF4A/ITGA2/FLRT3/BNIP3/GATA1/CLDN1/PDGFB/NPPC/CELA2B/WNT1/C4BPB/ANO5/P2RY1/ALOX15/TNFAIP3/SPRR3/POU5F1/TUBB1/GP9/SCUBE1/TNC/HRG/JAML/DUOX1/ADGRG1/DGKA/ITGB4/DGKK/ARHGEF19/ENG/ANXA8/ISL1/AJAP1/MPIG6B/DSP/WNT7A/DCBLD2/F2RL3/FGF10/MYOZ1/FGL1/F5/VTN/CCN2/KCNK2/MAPK8IP3/PRKG1/ADTRP/CLDN4/FCER1G/UBASH3B/INHBB/TYROBP/KLK6/TSPAN8/CHMP4C/AGER/SERPINA10/PLAT/IL17A/GNAQ/ITGB3/FERMT1/F2RL1/PRKCQ/TGFB2/PRKCE/RTN4RL1/VASH1/CYP4F11/SERPINE2/KLK8/ITGAV/CEACAM1/UCK2/ODAM/FIGNL2/ALOX5/CPB2/DSG2/FGA/INSL3/GATA2/PDPN/RIPOR1/FERMT3/EREG/GAP43/F11/NFKBIZ/KRT1",92
"GO:0050673","GO:0050673","epithelial cell proliferation","70/2347","356/18842",0.196629213483146,1.57856311906665,4.15706322774127,6.35924967375128e-05,0.0142659167681154,0.0142659167681154,"FABP7/BTK/TGM1/CLDN1/PDGFB/PLXNB3/ERBB4/JCAD/MIR135B/TNFAIP3/CLEC12B/FGFR2/WNT16/LOXL2/JAML/APELA/PDCD6/ENG/ISL1/SFRP2/THBS4/SIX1/TGFA/JUND/WNT7A/NME2/NOX5/OSR2/OR51E2/AQP11/FGF10/PKHD1/IHH/FGL1/SGPP2/APLNR/SOX9/MARVELD3/OVOL3/GDF2/C5AR1/KRT4/TBX2/IL17A/DAB2/ITGB3/PRKDC/FERMT1/AGTR1/TGFB2/APLN/VASH1/KLK8/MIR2355/CEACAM1/ODAM/ALOX5/GATA6/MCC/HTR2B/CCL26/BMPR2/GATA2/BGLAP/EREG/CDKN2B/CDH3/NFKBIZ/NUPR1/TNFSF12",70
"GO:0007586","GO:0007586","digestion","31/2347","122/18842",0.254098360655738,2.03993238665335,4.34674793470649,6.91527264553313e-05,0.0148927311694201,0.0148927311694201,"STK39/MUC6/NPSR1/NPPC/CYP8B1/HAMP/SLC2A5/CHRM1/PBLD/SLC26A6/TFF2/CTRB2/NPC1L1/DAO/FGF10/SOX9/ASAH2/PRSS3/CHRM5/IL17A/NR1I2/LPCAT3/LDLR/MUC4/AQP5/CRH/OPRK1/NEUROD1/UCN2/OXT/WNK3",31
"GO:0043270","GO:0043270","positive regulation of monoatomic ion transport","40/2347","174/18842",0.229885057471264,1.84554505874459,4.22663595930623,7.89648037699395e-05,0.0163517885960521,0.0163517885960521,"KCNN4/STK39/P2RX1/STAC3/PDGFB/NPSR1/G6PD/GCG/LCN2/ASPH/AMIGO1/WFS1/LILRA2/P2RX3/P2RX7/CHRM1/ISL1/PLA2G1B/TRPC3/LILRA5/VMP1/ATP2A1/F2RL3/THY1/CASR/APLNR/KCNC1/PPP3R2/WNK2/AKAP7/STAC/TRPV2/KCNC2/TRPV3/CRH/ATP1B1/OPRK1/CRACR2A/PKP2/WNK3",40
"GO:0071467","GO:0071467","cellular response to pH","12/2347","29/18842",0.413793103448276,3.32198110574027,4.72020664944276,9.06874482155544e-05,0.0180837489330572,0.0180837489330572,"HVCN1/PKD2L1/SCNN1D/ASIC1/GNAQ/MCOLN1/KCNK3/INSRR/GPR65/TRPV1/GPR4/SCNN1G",12
"GO:0003163","GO:0003163","sinoatrial node development","7/2347","11/18842",0.636363636363636,5.10880427625208,5.1417086554548,9.62723763088101e-05,0.0185118026445226,0.0185118026445226,"GJB6/ISL1/TBX3/MESP1/SHOX2/GATA6/TBX5",7
"GO:0002765","GO:0002765","immune response-inhibiting signal transduction","14/2347","38/18842",0.368421052631579,2.95772879151436,4.55671183236524,0.000108256467884317,0.0197849329603658,0.0197849329603658,"FCAR/KIR3DL1/KIR2DS4/NCR1/CLEC12B/LILRA2/KIR2DL1/LILRA6/LILRB3/LILRA5/LAIR1/LILRA1/KIR2DL3/CD33",14
"GO:0048729","GO:0048729","tissue morphogenesis","77/2347","408/18842",0.188725490196078,1.51511107212378,3.96783436600251,0.000115698836354149,0.0197849329603658,0.0197849329603658,"KRT33B/ITGA2/COBL/FLRT3/HOXD11/KRT16/DCHS2/KRT39/HEY1/TNNC1/NDRG4/LCN2/NOTCH1/TBXT/FGFR2/WNT16/WNT3A/TNC/APELA/FOXF1/ITGB4/ENG/KRT32/ISL1/AJAP1/SMAD7/DSP/SFRP2/FOXN4/HOXB7/SIX1/PERP/KRT40/PODXL/PRICKLE1/KRT9/MYH7/WNT7A/TBX3/SALL1/KRT23/FGF10/PKHD1/CASR/TNNT2/IHH/ITGA8/KRT27/RNF207/APLNR/SOX9/EYA2/MESP1/KRT12/AIRE/STARD13/GJA1/GDF2/DNAAF1/SHOX2/TBX2/ITGB3/FERMT1/NKD1/SOX18/TGFB2/ITGAV/CEACAM1/ADAMTS12/FIGNL2/TMEM59L/WNT10A/BMPR2/WNT5B/PDPN/DCHS1/PKP2",77
"GO:0007156","GO:0007156","homophilic cell-cell adhesion","40/2347","177/18842",0.225988700564972,1.81426463402011,4.10554265055171,0.000117297795589609,0.0197849329603658,0.0197849329603658,"CDH19/PCDH7/PCDHA4/DCHS2/PLXNB3/CDH24/PCDHA7/FAT1/AMIGO1/PCDHGC3/PCDHB8/CDHR3/DSG3/PCDHA9/IGSF11/DSG1/NECTIN1/PCDHA8/PTPRT/PCDH12/FAT3/SDK1/PCDH15/PCDHGA12/CEACAM1/PCDHGA8/CDH10/PCDHGA1/CDH17/CNTN4/PCDH8/DSG2/PSG5/PCDHA6/CDHR5/CDH3/EMB/CADM1/DCHS1/CNTN2",40
"GO:0022412","GO:0022412","cellular process involved in reproduction in multicellular organism","65/2347","331/18842",0.196374622356495,1.57651923069497,3.99158346184299,0.000118641693582228,0.0197849329603658,0.0197849329603658,"H2BC1/FSIP2/CATSPERH/CFAP58/NPPC/ZMYND15/C14orf39/H1-7/SPATA46/CFAP53/SPESP1/DEFB1/ADAM7/DCST2/KLC3/MEIOC/NSUN2/SLC26A6/DSP/SOHLH2/CATSPER4/SEMG1/CCDC181/SPATA16/ADAM2/ZAR1/SPACA3/SEPTIN14/CFAP206/FAM9B/NOX5/CATSPERB/PABPC1L/CFAP43/DNAH12/SERPINA5/DHH/LYZL4/PAEP/YBX2/PDE3A/DDX4/PFN4/SEPTIN4/CATSPERT/RSPH6A/SRPK1/SPACDR/NANOS1/ROPN1/SPINK2/DCST1/MOV10L1/REC114/TDRD5/ZP3/ADCY10/GALNTL5/EREG/ARMC12/FOXL2/ZPBP2/SOX30/RXFP2/CATSPERD",65
"GO:0008544","GO:0008544","epidermis development","58/2347","287/18842",0.202090592334495,1.62240772934237,4.00790857253964,0.000121267233969552,0.0197849329603658,0.0197849329603658,"KRT80/PI3/KRT16/TGM1/CLDN1/OPN3/KRT76/SCEL/USH1C/SPRR3/FGFR2/WNT16/KAZN/SPINK5/KRT32/ZNF750/NSUN2/DSP/GJB5/GRHL1/KRT9/NME2/SPRR2E/SPRR1B/PRKCH/KRT79/KRT27/SPRR2D/CLRN2/CCN2/SOX9/CLDN4/PITX2/OVOL3/KRT6B/STRC/KRT4/ELAPOR2/FA2H/KRT83/IL17A/FERMT1/ETV4/FABP5/TGFB2/SPRR1A/SFRP4/COL7A1/GATA6/KRT72/WNT10A/TGM5/LIPK/EREG/CDH3/PKP1/NFKBIZ/KRT1",58
"GO:0051928","GO:0051928","positive regulation of calcium ion transport","25/2347","93/18842",0.268817204301075,2.15809704449973,4.22308412391153,0.000129042538331374,0.0204342654816505,0.0204342654816505,"P2RX1/PDGFB/NPSR1/G6PD/GCG/ASPH/WFS1/LILRA2/P2RX3/P2RX7/ISL1/PLA2G1B/TRPC3/LILRA5/ATP2A1/F2RL3/THY1/CASR/APLNR/PPP3R2/TRPV2/TRPV3/CRH/CRACR2A/WNK3",25
"GO:0007369","GO:0007369","gastrulation","31/2347","127/18842",0.244094488188976,1.95962008796621,4.09297069313783,0.00015388520385247,0.0234568710304427,0.0234568710304427,"ITGA2/CFC1B/MMP8/UGDH/POU5F1/TBXT/FGFR2/WNT3A/APELA/ITGB4/PRICKLE1/MYADM/OTX2/ITGA8/APLNR/VTN/TENM4/EYA2/MESP1/GJA1/DUSP4/ITGB3/APLN/ITGAV/COL7A1/MIXL1/BMPR2/WNT8B/CFC1/WNT5B/GSC",31
"GO:0003208","GO:0003208","cardiac ventricle morphogenesis","18/2347","58/18842",0.310344827586207,2.4914858293052,4.29112779063734,0.000157332416691499,0.0234568710304427,0.0234568710304427,"HEY1/TNNC1/NOTCH1/FGFR2/FOXF1/ENG/SOX4/ISL1/SMAD7/DSP/SFRP2/MYH7/TNNT2/NPY5R/MESP1/TGFB2/PKP2/TBX5",18
"GO:0001501","GO:0001501","skeletal system development","66/2347","341/18842",0.193548387096774,1.5538298720398,3.89303514359033,0.000163845345017905,0.0234568710304427,0.0234568710304427,"SRD5A1/HYAL2/TSKU/HOXD11/NPPC/HOXC9/CHRDL2/KAT2A/ZNF664-RFLNA/WNT1/MUSTN1/TBX4/OPTC/FGFR2/PRKG2/LOXL2/HAPLN3/COL9A2/SMAD7/SIX1/ITGB8/COL18A1/WNT7A/PHOSPHO1/TBX3/WNT2B/SPP2/COL11A2/OSR2/RFLNA/DLX6/CMKLR1/IHH/CHI3L1/RANBP3L/SOX9/PRKG1/PITX2/MMP16/GJA1/RFLNB/COL28A1/GDF2/TYROBP/WNT9A/SHOX2/HOXA13/ARSL/TGFB2/FGF4/COL19A1/ADAMTS12/SFRP4/PHEX/HOXA1/BCAN/BMPR2/HOXB3/HOXD3/ADAMTS4/WNT5B/BGLAP/DLX1/SCIN/MSX2/HOXD13",66
"GO:0003231","GO:0003231","cardiac ventricle development","24/2347","89/18842",0.269662921348315,2.16488656329141,4.15504395059007,0.000165557410690346,0.0234568710304427,0.0234568710304427,"HEY1/TNNC1/NOTCH1/FGFR2/CITED2/FOXF1/ENG/SOX4/ISL1/SMAD7/DSP/SFRP2/GJA5/MYH7/SALL1/TNNT2/APLNR/NPY5R/KCNK2/MESP1/TGFB2/BMPR2/PKP2/TBX5",24
"GO:0007507","GO:0007507","heart development","80/2347","438/18842",0.182648401826484,1.46632347133132,3.72477958067725,0.000257841140372946,0.0348028711664006,0.0348028711664006,"NDUFV2/FLRT3/RAMP2/DCHS2/HEY1/TNNC1/MYLK3/PDGFB/G6PD/KAT2A/NDRG4/CFC1B/ERBB4/NFATC1/CAD/NOTCH1/GJB6/POU5F1/TBXT/FGFR2/WNT3A/SCUBE1/CITED2/APELA/FOXF1/ENG/SOX4/NPPB/ISL1/SMAD7/SMAD6/DSP/SFRP2/FOXN4/EMP2/NRAP/GJA5/PRICKLE1/POPDC3/MYH7/TBX3/SALL1/ADPRHL1/NEBL/TNNT2/IHH/RNF207/APLNR/NPY5R/KCNK2/SOX9/MESP1/NEB/DIPK2A/PITX2/GJA1/DNAAF1/PDLIM2/SHOX2/PDLIM1/HEG1/TBX2/SOX18/FHL2/TGFB2/APLN/IRX4/MIR25/GATA6/HTR2B/MIXL1/DSG2/BMPR2/ALPK2/CFC1/MSX2/OXT/DCHS1/PKP2/TBX5",80
"GO:0007043","GO:0007043","cell-cell junction assembly","33/2347","142/18842",0.232394366197183,1.86569009283652,3.90587352078776,0.000258565164683511,0.0348028711664006,0.0348028711664006,"RAMP2/PTPRO/CDH19/CLDN1/CDH24/GJA4/GJB6/CDHR3/SMAD7/IL1B/GJA5/DSG3/DSG1/PRKCH/APLNR/LIM2/GJA1/MARVELD3/GDF2/GJB1/UGT8/EPB41L3/IL17A/POF1B/CDH10/CDH17/DSG2/FSCN1/CDH3/PKP1/PKP2/TBX5/ACE",33
"GO:0015718","GO:0015718","monocarboxylic acid transport","39/2347","178/18842",0.219101123595506,1.75897033267427,3.83764500029435,0.000279549916321504,0.0367096768164628,0.0367096768164628,"FABP7/ABCC2/SLC16A1/SLC5A12/TSPO2/SLC16A9/TNFSF11/SLCO1B3/CPT1B/TNFRSF11A/PLA2G1B/SLC26A6/IL1B/SLC44A5/SLC6A8/ABCC11/SLCO2B1/CASR/ABCB4/SLC22A6/SLC22A8/SLC16A14/SLC6A13/SLC27A3/SLC5A7/AVPR1B/NMUR2/MFSD2A/SLC16A8/FABP5/AKR1C4/CEACAM1/SLC5A6/SLCO2A1/EMB/FABP12/OXT/ABCC3/ACE",39
"GO:0002767","GO:0002767","immune response-inhibiting cell surface receptor signaling pathway","13/2347","37/18842",0.351351351351351,2.82069116410829,4.18150708873829,0.000327666207873601,0.0420036872188444,0.0420036872188444,"FCAR/KIR3DL1/KIR2DS4/NCR1/CLEC12B/LILRA2/KIR2DL1/LILRA6/LILRB3/LILRA5/LAIR1/LILRA1/KIR2DL3",13
"GO:0048738","GO:0048738","cardiac muscle tissue development","41/2347","192/18842",0.213541666666667,1.71433833972447,3.75273170138067,0.000350422468525992,0.0438761528033475,0.0438761528033475,"NDUFV2/HEY1/TNNC1/MYLK3/G6PD/KAT2A/NDRG4/ERBB4/NOTCH1/GJB6/FGFR2/WNT3A/ENG/NPPB/ISL1/SMAD7/DSP/NRAP/GJA5/PRICKLE1/MYH7/TBX3/ADPRHL1/NEBL/TNNT2/KCNK2/MESP1/NEB/DIPK2A/GJA1/SHOX2/TBX2/FHL2/TGFB2/MIR25/GATA6/DSG2/ALPK2/MSX2/PKP2/TBX5",41
"GO:0048568","GO:0048568","embryonic organ development","50/2347","248/18842",0.201612903225806,1.6185727833748,3.69881486460603,0.000364106128713164,0.044553349931629,0.044553349931629,"COBL/HOXD11/HEY1/PDGFB/HOXC9/NDRG4/WNT1/NOTCH1/TBX4/USH1C/FGFR2/WNT16/CITED2/TTC39C/APELA/FOXF1/ENG/POU3F4/FOXN4/HOXB7/SIX1/PRICKLE1/TBX3/UTP25/SALL1/OSR2/NECTIN1/IHH/FOXF2/CLRN2/RNF207/APLNR/SOX9/MESP1/PITX2/DNAAF1/STRC/TBX2/ID3/SOX18/TGFB2/MYO3A/SOX15/HOXA1/HOXB3/HOXD3/NEUROD1/GSC/PPIL1/FOXL2",50
